{
    "width": 640,
    "height": 480,
    "intrinsic_matrix": [
        615.1919555664062,
        0,
        0,
        0,
        614.9992065429688,
        0,
        328.3013916015625,
        236.03895568847656,
        1
    ]
}