{
    "width": 640,
    "height": 480,
    "intrinsic_matrix": [
        615.3751831054688,
        0,
        0,
        0,
        615.4710693359375,
        0,
        334.6922607421875,
        235.1378936767578,
        1
    ]
}